Date;Subject;Content;DetectedLabel;TrainLabel
2018-08-19 11:21:00;Application for an Internship in Summer 2022;Dear sir or madam, I hereby want to apply for the internship position posted on  Please find attached by application documents including my resume, application letter and additional documents as required by the job posting. I would be happy to introduce myself personally and look forward to your response. ;1;1
2018-08-19 11:22:00; Application for an Internship in Summer 2022;Dear Mr. Mayer, thank you a lot for your appliation which has been well received! Currently, many emails are reaching us - therefore please allow us up to 10 business days to reply to your application. Thank you for your understanding. ;5;2
2018-08-23 08:33:00;Applicant for Internship;Dear Francis, We just received an application for the summer intern position in your department. Attached you can find his resume. After having a first look, the applicant looks to be well qualified. What do you think? ;3;3
2018-08-23 13:31:00; Applicant for Internship;Hi Jessica, seems like you forgot the attachment. I cannot see the applicant's resume. ;3;3
2018-08-23 16:07:00; Applicant for Internship;Hi Francis, that's right, so sorry for the inconvenience! Now it should be attached. Please let me know if the applicant is suited for your department. ;3;3
2018-08-24 08:31:00; Applicant for Internship;Hello Jessica, after having a first look, Mister Mayer seems qualified - we are looking for a graduate student in Mechanical Engineering. Do you know if the applicant has some programming skills as well? From his resume I cannot spot it and we would need someone to improve the performance of our toolchain which is written in Python. Could you maybe ask mister Mayer about that? Thank you and ;3;3
2018-08-24 14:03:00; Applicant for Internship;Hello Francis, I'll ask him and get back to you as soon as I know more. Jessica;3;3
2018-08-24 14:33:00;Question about your application;Dear Mister Mayer, Thank you a lot for you application and your waiting! While processing your application, a question appeared: Are you familiar with programming languages such as Python? The task which would be assigned to you during your internship would also involve the analysis and improvement of code. Please let me know about your coding skills. ;3;4
2018-08-24 16:07:00; Question about your application;Dear Ms Parker, actually, I am quite familiar with Python - I took several coding classes at university and I also did a previous internship where I was responsible for the Python codebase of a tool which was frequently used by my department. I am looking forward to hearing from you, James Mayer;4;4
2018-08-25 09:41:00; Question about your application;Dear Mister Mayer, thank you for the information, I will forward it and get back to you as soon as a decision has been made. ;7;4
2018-08-25 09:55:00;Python Skills Mister Mayer;Hello Francis, it seems that Mr Mayer who applied for the internship position in your department has comprehensive Python skills, he told me he was responsible for maintaining the codebase of a frequently used tool in his department and that he also took several courses at university. What do you think? ;3;3
2018-08-26 08:01:00; Python Skills Mister Mayer;Hi Jessica, That's fantastic! Mister Mayer seems to be perfectly suitable - we would be happy to have him as intern in our department. ;3;3
2018-08-26 09:30:00; Python Skills Mister Mayer;Alright, I will inform him and invite him to a personal meeting. Do you also want to attend the interview? Thanks, Jessica;3;3
2018-08-26 09:44:00; Python Skills Mister Mayer;I think it will not be necessary, thanks for asking! ;3;3
2018-08-26 10:30:00;Application for an Internship in Summer 2022;Dear Mister Mayer, thank you for your application and your waiting. We have screened your documents and we would like to meet you in person. For this reason, we would like to invite you to our headquarter in Sioux City on the 21st of May at 1pm. Please let us know if the date and time are suitable for you. We are looking forward to your reply and to seeing you in person. ;7;4
2018-08-26 10:44:00; Application for an Internship in Summer 2022;Dear Ms. Parker, thank you for your reply and for your kind invitation. The proposed date for a personal meeting works fine for me. I am looking forward to meeting you! ;7;4
2018-08-26 12:01:00;Invitation for Personal Meeting;Dear Mister Mayer, We are happy to hear that. My assistant will meet you at the lobby on the 21st of May at 1pm. Please find attached an .ical file for your electronic calendar. If you happen to have any prior questions, feel free to ask them anytime via email. ;6;4
2018-08-30 09:31:00;Work contract and start of work;"Dear Mister Mayer, it was a pleasure to meet you in person and we're happy to have you on board. As discussed yesterday, the first day of your work will be the 1st of April, please meet Mister Huber, the head of the Department ""Mechanical Engineering"" at 09:00 am at the lobby. Furthermore, I attached a digital copy of the mutually signed work contract for you. If you have any questions regarding your future work, please feel free to ask Mister Huber (f.huber@ziegler-cat.com). ";9;5
2019-08-11 13:44:00;Your Application at Ziegler-Cat;Dear Mister Young, Thank you a lot for your interest in our company! we received your application on LinkedIn and are currently screening your data. As soon, as this is done we will contact you again. In the meantime feel free to check out our website to stay up to date about our products and services: ;3;2
2019-08-13 11:44:00;Your Application at Ziegler-Cat;Dear Mister Young, After having screened your application, unfortunately we came to the conclusion that you are not suited for the position you applied for. Nevertheless, we wish to you all the best for your future career. ;2;6
2017-08-01 09:33:00;Application;"Dear sir or madam, I hereby want to apply for the position of ""Hardware Testing Engineer"" posted on your website. I think that my academic journey as well as my previous career stations qualify me well for the job. My resume, motivation letter and transcripts are attached. I am looking forward to hearing from you! ";1;1
2017-08-01 09:35:00;Your Application at Ziegler-Cat;Dear Ms. Bender, thank you a lot for your appliation which has been well received! Currently, many emails are reaching us - therefore please allow us up to 10 business days to reply to your application. Thank you for your understanding. ;5;2
2017-08-10 16:33:00; Your Application at Ziegler-Cat;Dear Ms. Bender, thank you a lot for your application at Ziegler-Cat and your patience. During screening of your documents, we found that your transcript for you Bachelor's degree was missing. Please attach the digital transcript by replying to this message in order to allow for a swift processing of your application. Thank you and ;0;4
2017-08-11 09:20:00; Your Application at Ziegler Cat;Dear Ms Parker, please find attached the missing transcript. I want to apologize for any inconvenience and would be happy to introduce myself in person. ;1;4
2017-08-11 15:21:00; Your Application at Ziegler Cat;Dear Ms. Bender, thank you for the document. The assessment of your application can now be continued as all of the required documents are present. We will get in touch with you, when the screening is finished. Thank you and ;5;4
2017-08-12 08:03:00;Applicant for Hardware Testing Engineer;Dear Joachim, we have an applicant for the Hardware Testing Engineer position. The first impression is good and I would like to invite her for an interview. I attached her resume for you to check as well. Do you have time on the 21st of August at 09:00am to also take part in the interview? Thanks, Jessica;3;3
2017-08-12 11:11:00; Applicant for Hardware Testing Engineer;Hi Jessica, Miss Bender's profile looks good, I will happily take part in the interview. The proposed date is fine for me. ;3;3
2017-08-13 09:05:00;Invitation for Interview;Dear Ms. Bender, After having assessed your application documents, we would like to invite you to our headquarter to get to know you in person. The meeting would be scheduled for the 21st of August at 9:00am. Please let me know if that date and time work for you. ;7;4
2017-08-13 09:33:00; Invitation for Interview;Dear Ms. Hoeller, thank you for your consideration and the invitation for a personal meeting. The proposed date works well for me and I am looking forward to seeing you in person. ;7;4
2017-08-23 08:05:00;Work Contract;Dear Ms. Bender, It was a pleasure to meet you in person. We liked your performance at the interview and would be happy if you choose to work with us. Please find attached a draft for a working contract as discussed in the end of the interview. Please tell us if you agree on the conditions, we're happy to hearing from you. ;9;5
2017-08-25 08:55:00; Work Contract;Dear Ms Parker, thank you for your email and the offer to work with your company! As discussed in the interview, my salary expectations are higher than those outlined in your proposal, I added some comments in the attached PDF and I would be happy if the respective clauses in the contract could be adapted. ;9;5
2017-08-27 09:10:00; Work Contract;Dear Ms. Bender, thank you for you reply. For the salary level you asked for, I have to consult with the respective department. I will get back to you as soon as I can tell you more. ;5;3
2017-08-27 09:15:00;Inquiry regarding salary of applicant;Dear Mister Black, I am contacting you because of an applicant for the open position of Hardware Testing Engineer. We found a qualified candidate, however her salary expectations are more than 50% above what we offer. How much do you think we can pay maximum? I think without any overpayment it will be very difficult to find suitable candidates, the position has been open for more than five months. ;3;3
2017-08-28 07:55:00; Inquiry regarding salary of applicant;Dear Ms Parker, I am aware of the vacancy and also that we will need to pay more to find the best candidates. 50% however is exceeding our budget by far. The maximum surplus we can offer is +25%. ;3;3
2017-08-28 09:04:00; Inquiry regarding salary of applicant;Dear Mister Black, thank you for the information, I will forward it to the candidate. ;3;3
2017-08-28 09:30:00; Work Contract;Dear Ms. Bender, After consultations, we want to offer you a salary which lies in the middle between our proposal and the salary you asked for. Additionally, we can offer five more paid holidays per year. Please find the revised contract (the amendments you made have been included) in the attachment. If you agree, please sign the contract and send it back to me. ;9;5
2017-08-30 10:44:00; Work Contract;Dear Ms. Parker, thank you a lot for the revised version of the contract which works fine for me. Please find attached the signed document. ;5;5
2017-08-30 13:45:00; Work Contract;Dear Ms. Bender, we are happy to have you on board. As specified in the contract, your first day of work will be the 1st of April. Please feel free to ask any questions that might arise to your head of department, Mr. Joachim Gruber (j.gruber@ziegler-cat.com). He will meet you on the first day of your work at 08:30am at the lobby. ;9;5
2018-11-02 14:31:00;Application as a software engineer;Dear sir or madam, I would like to apply for the position as software engineer as outlined on your webpage. While I have a working experience of only one year, I want to stress that I was among the best students at university in all programming courses. Furthermore, I have been working as a freelance programmer for the past five years doing small and medium projects. I would be happy if you consider my application, the required documents are attached. ;1;1
2018-11-02 14:32:00; Application as a software engineer;Dear Mr. Lloyd, thank you a lot for your appliation which has been well received! Currently, many emails are reaching us - therefore please allow us up to 10 business days to reply to your application. Thank you for your understanding. ;5;2
2018-11-04 08:05:00;Your Application at Ziegler-Cat;Dear Mister Lloyd, it seems like some of the required documents are missing in your application. I cannot see the resume and the transcripts of your university in your message. Please send them as soon as possible so that we can start screening your application. ;3;4
2018-11-04 08:55:00; Your Application at Ziegler-Cat;Dear Ms Parker, The transcripts and the resume can both be found in the respective folder in the ZIP-Archive I sent to you in the last mail. To be sure, I attached the ZIP-file again. ;1;4
2018-11-05 14:30:00; Your Application at Ziegler-Cat;Dear Mister Lloyd, sorry for any inconvenience, I could find the documents in the ZIP-Archive. We will start screening your application and get back to you soon. ;9;4
2018-11-06 09:08:00;Applicant Software Engineer;Dear Joseph, it looks like we have a promising candidate for the open position as Software Engineer in your department. Please find attached his details. What do you think? ;3;3
2018-11-06 16:01:00; Applicant Software Engineer;Dear Jessica, I think you confused our department of Software Testing with the Software Development department. We are currently not looking for people. ;3;3
2018-11-07 09:01:00; Applicant Software Engineer;Hello Joseph, so sorry, yes I confused your departments - I will forward it to the department head of the Software Development department. ;3;3
2018-11-07 09:05:00;Applicant Software Engineer;Dear Oscar, it looks like we have a promising candidate for the position as software engineer which is open in your department. I attached his resume to the email. What do you think? ;1;3
2018-11-08 13:12:00; Applicant Software Engineer;Hi Jessica, his profile looks promising. However I cannot see any information about his duration of professional experience. Do you know more? ;1;3
2018-11-08 15:21:00; Applicant Software Engineer;Hello Oscar, sorry for missing that out, in his email the applicant he stated that he has been working at a company as a software engineer for one year. ;1;3
2018-11-09 07:45:00; Applicant Software Engineer;Hello Jessica, unfortunately that is not enough - as outlined in the job posting we are looking for somebody who was at least five years of proven experience in software engineering. ;1;3
2018-11-09 11:31:00; Applicant Software Engineer;Hello Oscar, ok, the applicant told me also, that he has been working as a freelancer during the last five years. Does that also count for you? ;1;3
2018-11-09 12:31:00; Applicant Software Engineer;Hi Jessica, no we cannot count that as it will be difficult to assess the works the applicant did and also in which quality the code was delivered. ;1;3
2018-11-09 14:56:00; Applicant Software Engineer;Alright, I will tell the applicant that his experience is not sufficient. ;1;3
2018-11-10 08:04:00;Your Application at Ziegler-Cat;Dear Mister Lloyd, unfortunately your years of working experience are not fitting what we require for the position of Software Engineer. For this reason we unfortunately cannot consider your application for the named position. Nevertheless we wish you all the best for your future career! ;2;6
2018-01-16 17:41:00;Application as a Facility Manager;Dear sir or madam, I would like to apply as a facility manager at Ziegler Caterpillar. I have been working as a facility manager for the last 12 years and I think that I bring everything it takes to do a good job. Attached you find my motivation letter and resume. I look forward to hearing from you, Martin Hoffer;1;1
2018-01-16 17:43:00;Your Application at Ziegler-Cat;Dear Mr. Hoffer, thank you a lot for your appliation which has been well received! Currently, many emails are reaching us - therefore please allow us up to 10 business days to reply to your application. Thank you for your understanding. ;5;2
2018-01-21 09:33:00;Application Facility Manager;Hello Thomas, I have an application as facility manager - his profile looks perfectly suitable for the open position at Builidng Management Department. Please find attached his resume. ;3;3
2018-01-21 13:45:00; Application Facility Manager;Hi Jessica, there seems to be a mistake - currently we are not looking for a Facility Manager..? ;3;3
2018-01-22 17:02:00; Application Facility Manager;Hi Thomas, how is that? We have posted the job advertisement on our website and are receiving applications for it. We posted the job advertisement on behalf of your deputy department manager. ;3;3
2018-01-23 14:23:00; Application Facility Manager;Hi Jessica, that's right - but we already have hired a Facility Manager last week. Your colleague, Miss Mueller was dealing with the process. ;3;3
2018-01-23 15:30:00;Facility manager - already hired?;Hi Sarah, I just forwarded an applicant for the position of facility manager to Thomas Hickey but he told me, they already hired somebody for the job last week. Do you know more? ;3;3
2018-01-23 15:45:00; Facility manager - already hired?;Hi Jessica, yes we found a suitable candidate already. I sent you an email with the information and asked you to close the job advertisement on our webpage.. ;3;3
2018-01-24 08:05:00; Facility manager - already hired?;Oh, I just read the email - i must have looked over it. So sorry! ;3;3
2018-01-24 09:01:00;Your Application at Ziegler-Cat;Dear Mister Hoffer, we are really sorry, there seems to have been a mistake on our side. We are currently not looking for a facility manager. The job advertisement on the webpage is old and should not have been there, we deleted it. Sorry again for any inconvenience! ;6;5
2018-01-24 09:35:00; Your Application at Ziegler-Cat;Dear Ms Parker, so the position is not open anymore? I can still see the job ad and see that it was even edited last week. To be honest, this is not a professional behavior. I have put a lot of time into my application! ;1;4
2018-01-24 09:55:00; Your Application at Ziegler-Cat;Dear Mister Hoffer, we are so sorry for the mistake! The job ad should have been deleted last week. We wish you all the best for your future career! ;2;5
2018-07-09 22:44:00;Application as Maintenance Technician;Hello, I would like to apply for the maintenance technician I found posted on  Is the job still available? Please find all the necessary documents attached. ;1;1
2018-07-09 22:46:00; Application as Maintenance Technician;Dear Mr. Smith, thank you a lot for your appliation which has been well received! Currently, many emails are reaching us - therefore please allow us up to 10 business days to reply to your application. Thank you for your understanding. ;5;2
2018-07-13 11:09:00;Application for Maintenance Technician;Dear John, we received an application as maintenance engineer. Please find his details attached. What do you think? ;3;3
2018-07-13 16:30:00; Application for Maintenance Technician;Hi Jessica, since last May we are no longer responsible for plant maintenance - all plant operations are now done by the Plant Security department. ;3;3
2018-07-14 09:45:00; Application for Maintenance Technician;Hi John, thank you for the info, I will forward it to the correct department. ;3;3
2018-07-14 09:11:00;Application for Maintenance Technician;Hi Peter, we have received a candidate for the position as maintenance engineer. Please find attached all the information. ;3;3
2018-07-14 15:44:00; Application for Maintenance Technician;Hi Jessica, for which position does the candidate apply for? We have two positions open - one is plant maintenance engineer (responsible for maintaining our plants) and one is product maintenance engineer (responsible for maintaining our products at customer sites). ;3;3
2018-07-14 16:59:00; Application for Maintenance Technician;Hi Peter, I will ask him and get back to you as soon as I know more! ;3;3
2018-07-15 09:11:00;Your Application at Ziegler-Cat;Dear Mister Smith, currently, there are two open positions in your field. One is plant maintenance engineer who is responsible for maintaining the company's plants and one is product maintenance engineer who is maintaining our products at customer's plants. For which job do you want to apply for? ;1;4
2018-07-15 09:44:00; Your Application at Ziegler-Cat;Dear Miss Parker, I would like to apply for the plant maintenance engineer position. ;1;4
2018-07-15 16:57:00; Application for Maintenance Technician;Hi Peter, the applicant would like to apply for the position as plant maintenance engineer. ;3;3
2018-07-18 14:46:00; Application for Maintenance Technician;Hello Jessica, we screened mister Smith's documents and we think he would be a good fit to our department. Should we invite him to an interview? ;3;3
2018-07-20 11:00:00; Application for Maintenance Technician;Yes, how about the 28th of July at 10:00am? ;3;3
2018-07-20 11:03:00; Application for Maintenance Technician;The proposed date works fine for me. ;3;3
2018-07-20 13:49:00;Your Application at Ziegler-Cat;Dear mister Smith, thank you for your appliation and your patience. We have processed your application and would like to invite you for an interview and to get to know you better at the 28th of July at 10:00 am. Does this date work for you? We are looking forward to hearing from you! ;1;4
2018-07-20 15:35:00; Your Application at Ziegler-Cat;Dear miss Parker, thank you for your consideration! Yes, the date works fine for me. ;7;4
2018-07-21 08:33:00; Your Application at Ziegler-Cat;Dear mister Smith, perfect, we are looking forward to meeting you. My assistant, Ms Flatcher will meet you at the lobby at 10:00am. Please find attached an .ical file for your digital calendar. ;7;4
2018-07-30 09:22:00; Your Application at Ziegler-Cat;Dear mister Smith, We were happy to meet you in person. Unfortunately we cannot consider you for the position you applied for. Nevertheless we wish you all the best for your future career! ;2;6
2017-05-03 08:22:00;Application for the position of Junior Accountant;Dear sir or madam, I found the job advertisement for the position as junior accountant on your website and would like to apply for it. I recently graduated in finance and have already collected valuable experiences through internships. I would be happy if you consider my application. My documents are attached below. ;1;1
2017-05-03 08:23:00;Your Application at Ziegler-Cat;Dear Ms. Taylor thank you a lot for your appliation which has been well received! Currently, many emails are reaching us - therefore please allow us up to 10 business days to reply to your application. Thank you for your understanding. ;5;2
2017-05-08 09:31:00;Application for Junior Accountant;Hello Cindy, I just received an application for the position of a Junior Accountant. Please find attached her profile. Do you think she would fit into your department? Thanks and ;3;3
2017-05-08 13:11:00; Application for Junior Accountant;Hi Jessica, seems like there are no files attached.. ;3;3
2017-05-08 16:33:00; Application for Junior Accountant;Hi Cindy, so sorry, I forgot the attachment. Please find them below. ;3;3
2017-05-09 10:21:00; Application for Junior Accountant;Hi Jessica, thank you so much! Do you know more about her Excel skills? In her resume the applicant only states general Microsoft Office Skills. ;3;3
2017-05-09 13:11:00; Application for Junior Accountant;Hi Cindy, I'll ask her and get back to you. ;3;3
2017-05-10 08:31:00;Your Application at Ziegler-Cat;Dear Ms. Taylor, thank you so much for you application. During the screening of your documents we found that you stated Informations about your overall Microsoft Office skills but not specifically your skills with Excel. As Microsoft Excel is a very important tool in our Accounting Department, could you please elaborate a little on your familiarity with it? Thanks and ;4;4
2017-05-10 09:05:00; Your Application at Ziegler-Cat;Dear Ms. Parker, thank you for your mail! I would consider my Excel skills to be slightly above average. However I am really good with computers and a fast learner. Also, I am willing to dig into any field that is needed for the job. ;4;4
2017-05-10 14:33:00; Your Application at Ziegler-Cat;Dear Ms. Taylor, thank you so much for your information, I will forward it to the respective department and get back to you as soon as I have more information. ;5;4
2017-05-10 16:03:00; Application for Junior Accountant;Dear Cindy, the applicant states that she has slightly above average Excel skills but that she is in general very good with computers and that she is willing to dig into it if her skills are not good enough. What do you think? ;3;3
2017-05-11 14:03:00; Application for Junior Accountant;Hi Jessica, I think that might work, we can also assign some of our company-trainings to her, if needed. Do we have some Excel courses upcoming? ;3;3
2017-05-11 14:51:00;  Application for Junior Accountant;Hi Cindy, I don't think there are any Excel courses planned in the future but if needed we can set up one for the applicant. ;3;3
2017-05-12 16:59:00;Excel Training;Hi Cindy, I just looked into it and actually, we will have an Excel course next month which looks like it would be well suited for Miss Taylor. What do you think, should we invite her for an interview? Jessica;3;3
2017-05-12 08:21:00; Excel Training;Hi Jessica, yes please - how about next Thursday, 09:00pm? ;3;3
2017-05-12 09:11:00; Excel Training;Hi Cindy, yes that works for us - I'll share the date with the applicant. ;3;3
2017-05-12 15:33:00;Invitation for Interview;Dear Ms. Taylor, we finished screening your application and would like to get to know you in person. Do you have time next thursday at 09:00am for a meeting at our headquarters? Thank you and ;1;4
2017-05-12 17:04:00; Invitation for Interview;Dear Ms. Parker, thank you for your consideration, the proposed date and time work fine for me, I will be there. ;7;4
2017-05-13 08:11:00; Invitation for Interview;Dear Ms. Taylor, we're looking forward to meeting you. Please be at the lobby shortly before 09:00 am, my assistant Ms. Flatcher will pick you up there. Also, please find attached an .ical file for your digital calendar. ;7;4
2017-05-18 09:31:00;Work contract and start of work;Dear Ms. Taylor, we are happy to got to know you. As discussed, we would like to offer you a contract which is also attached to this mail. All the details we discusses at the end of the interview are included. Your starting day would be the first day of the next month. If you agree, please sign the contract and send it back to me. We are happy to have you on board! Thank you and ;9;5
2017-05-18 11:33:00; Work contract and start of work;Dear Ms. Parker, Thank you for your kind words! I am happy to be on board and the contract is fine for me - please find the signed PDF attached to this mail. ;9;5
2018-04-02 19:23:00;Application as a secretary;Dear sir or madam, I would like to apply as a secretary at your company. I have been working as a secretary for the past 10 years and I think my experience qualifies me well for the job. Please find attached my application documents. ;1;1
2018-04-02 19:25:00;Your Application at Ziegler-Cat;Dear Ms. Williams, thank you a lot for your appliation which has been well received! Currently, many emails are reaching us - therefore please allow us up to 10 business days to reply to your application. Thank you for your understanding. ;5;2
2018-04-07 08:03:00;Application Secretary;Dear mister Evans, I just received an application for the position of secretary to the CEO. Please find attached all the details and the resume of the applicant. ;3;3
2018-04-07 14:15:00; Application Secretary;Dear Ms Parker, for the position, a previous working experience of 10 years is required. In the resume I cannot see the working duration of Ms. Williams at her last employer. Do you know more? For future applications I would ask you to screen the documents more thoroughly before forwarding them. Thank you and ;3;3
2018-04-07 14:25:00;  Application Secretary;Dear Mister Evans, sorry for the mistake! Miss Williams stated that she has been working as a secretary for the last 10 years. ;3;3
2018-04-08 07:21:00;  Application Secretary;Ok, her resume looks fine - let's invite her, shall we? ;3;3
2018-04-08 09:45:00;  Application Secretary;Dear mister Evans, I saw in your calendar, that you are free next wednesday, 08:30am. Does this schedule work for you? ;3;3
2018-04-08 09:56:00;  Application Secretary;Hi Jessica, yes - works for me, please set everything up. ;3;3
2018-04-09 08:12:00;Invitation to Job Interview;Dear Ms Williams, we finished screening your documents and would like to meet you in person. As a date, we propose the next Wednesday at 08:30am. Does this work for you? We are looking forward to get to know you personally. At the meeting, the assistant of the CEO, Mister Evans will also be present. ;7;4
2018-04-11 09:43:00; Invitation to Job Interview;Dear Ms Parker, thank you for your consideration. The date works fine for me, I am looking forward to meeting you! ;7;4
2018-04-17 13:21:00; Invitation to Job Interview;Dear Ms Williams, we are happy to meet you soon. Please come to the lobby next Wednesday, my assistant Ms. Flatcher will pick you up there. Also, an .ical file is attached to this mail for your digital calendar. ;7;4
2018-04-25 08:30:00;Contract and first day of work;Dear Ms Williams, It was a pleasure to meet you! As discussed in the interview, we will send the contract to you via mail. Please sign it and return it to us. Your first day of work will be the first day of the next month. We are happy to have you on board! If you have any questions please do not hestitate to ask. ;9;5
2019-10-04 23:41:00; Contract and first day of work;Dear sir or madam, I am hereby applying for the position of a Process Engineer as outlined on your website. Please find attached all the necessary documents. I would be more than happy over your consideration. ;1;1
2019-10-04 23:42:00;Your Application at Ziegler-Cat;Dear Mr. Davies, thank you a lot for your appliation which has been well received! Currently, many emails are reaching us - therefore please allow us up to 10 business days to reply to your application. Thank you for your understanding. ;5;2
2019-10-06 08:12:00;Process Engineer Application;Dear Howard, We received an application for the position of a process engineer. Our first screening indicates that he is highly qualified. What do you think? You can find his details attached. ;3;3
2019-10-06 08:44:00; Process Engineer Application;Hi Jessica, great news! We've been looking for months! We also looked into mister Davies documents and are really impressed. I would really like to meet him! ;3;3
2019-10-06 09:31:00; Process Engineer Application;Ok, I'll invite him. Would be next Thursday, 13:30 be fine for you? ;3;3
2019-10-06 11:43:00; Process Engineer Application;Hi, yes that works! ;3;3
2019-10-07 08:45:00;Invitation to Job Interview;Dear Mister Davies, we have screened your application and we would like to get to know you in person. Therefore we would like to invite you to our headquarters next Thursday at 13:30. Do that date and time work for you? ;7;4
2019-10-07 07:33:00;Invitation to Job Interview;Dear Ms. Parker, thanks a lot for your email. Yes, next Thursday at 13:30 works fine - I am looking forward to meeting you! ;7;4
2019-10-07 08:20:00;Invitation to Job Interview;Dear Mister Davies, thank you for your quick reply. We are looking forward to seeing you. My assistant, Ms. Flatcher will pick you up at 13:30 at the lobby. ;7;4
2019-10-11 08:45:00;Job Interview Davies;Hi Jessica, wow, I was really impressed today by the performance of Mister Davies. We would really like to have him in our team! ;3;3
2019-10-12 07:33:00;Job Offer;Dear mister Davies, after getting to know you we were really impressed by your career and your presentation. We would like to offer you the job under the conditions we discussed in the interview. We hope, you accept our offer. In this case, please sign and send back the PDF I attached to the email. We will send you the contract via email - please sign it and bring it with you on your first day of work which is the first day of next month. ;9;5
2019-10-13 08:38:00; Job Offer;Dear Miss Parker, thank you so much - it was nice getting to know you. I agree to the specified conditions and I am happy to be working with your company. Please find attached the signed document. ;9;5
2019-01-14 22:11:00;Application as a receptionist;To whom it may concern, I would hereby apply for the position as receptionist. I have been working part-time as a receptionist during the last two years of my studies and I think that my experiences qualify me well. Please find attached my application documents. ;1;1
2019-01-14 22:12:00;Your Application at Ziegler-Cat;Dear Ms. Jones, thank you a lot for your appliation which has been well received! Currently, many emails are reaching us - therefore please allow us up to 10 business days to reply to your application. Thank you for your understanding. ;5;2
2019-01-17 08:33:00;Application Receptionist;Hello Peter, We received an application for the open position of a receptionist. Please find her information attached. ;3;3
2019-01-17 12:33:00; Application Receptionist;Hi Jessica, the receptionists are no longer in the responsiblity of the plant security department but are now part of the Facility Management Team. ;3;3
2019-01-17 15:11:00; Application Receptionist;Hi Peter, alright - sorry for the misunderstanding, I will forward it to the correct department. ;3;3
2019-01-17 16:27:00;Application Receptionist;Dear Mister Snyder, we have an application for the open part-time position of a receptionist. Please find attached all the details. ;3;3
2019-01-19 11:11:00; Application Receptionist;Hello Ms. Parker, the resume looks good - i would propose that she starts working for a trial period of two weeks and if everything is fine we can make a fixed contract. She could start next Monday at 07:00am. ;3;3
2019-01-19 13:05:00; Application Receptionist;Hello Mr. Snyder, perfect, I'll let her know - if anything changes, I will notify you. ;3;3
2019-01-19 14:20:00;Your Application at Ziegler-Cat;Dear Miss Jones, thank you for your application and your patience. We screened your application and would be happy if you choose to work with us. You could start next wednesday at 07:00am for a two week trial period. If everything works fine, we will make a fixed contract. The head of the Facility Management Team, Mister Snyder will pick you up in the lobby. Please let me know if this works for you. ;7;5
2019-01-19 15:01:00;Your Application at Ziegler-Cat;Dear Ms Parker, thank you so much for your consideration - I am happy to tart working with your company. I will be there next Monday. ;5;5
2019-03-14 09:10:00;Application as Social Media Marketer;Dear sir or madam, I hereby would like to apply for the position of a social media marketer. I have been collecting experiences in that branche for 5 years now and I would be happy to work for your company. I am experienced with Facebook/Instagram marketing, Google Advertisement and TikTok Marketing. Please find my details attached to this mail. I would be happy about your consideration! ;1;1
2019-03-14 09:11:00;Your Application at Ziegler-Cat;Dear Mr. Davies, thank you a lot for your appliation which has been well received! Currently, many emails are reaching us - therefore please allow us up to 10 business days to reply to your application. Thank you for your understanding. ;5;2
2019-03-18 08:00:00;Application Social Media;Hey Francesca, We received an application for the open social media marketer position. He seems to be very experienced, you can find his details below. ;3;3
2019-03-19 11:31:00;Application Social Media;Hey Jessi, that's so cool! We were looking for quite some time. Do you know if he has experience with google ads as well? Other than that, his resume looks fine! Thanks and ;3;3
2019-03-20 09:40:00;Application Social Media;Hey Francesca, yes - he also worked with google ads. ;3;3
2019-03-20 09:55:00;Application Social Media;Alright, looks good - let's invite him. How about next monday 15:00?;3;3
2019-03-20 10:31:00;Application Social Media;I'll propose it to the candidate and get back to you when I know more. ;3;3
2019-03-20 11:33:00;Your Application at Ziegler-Cat;Dear Mister Mueller, we have screened your application and would like to get to know you in person. Therefore we want to invite you to our headquarters on next monday at 15:00. Would this schedule work for you? Thank you and ;1;4
2019-03-20 13:48:00; Your Application at Ziegler-Cat;Dear Ms Parker, thank you for your email! Yes, that day works fine for me. I am happy to meet you in person. ;7;4
2019-03-21 09:44:00; Your Application at Ziegler-Cat;Dear Mister Mueller, we are happy to meet you soon, please come to the lobby shortly before 15:00 where my assistant Ms. Flatcher will pick you up. Should you have any questions, please don't hestitate to ask. Also, please find attached an .ical file for your digital celandar. ;7;4
2019-03-26 09:05:00;Today's interview;Hey Jessi, today's interview with mister Mueller was great. We would really like him to work with us! ;3;3
2019-03-26 10:44:00; Today's interview;I was also impressed, we will offer the job to him! ;3;3
2019-03-28 09:11:00;Job Offer;Dear Mister Mueller, we are happy to have met you in person. We liked your presentation and your experience a lot and would therefore want to offer you the job. Attached to this mail, you can find all the details. Please let us know how you decide - if you choose to work with us, please sign the attached PDF and send it back. Your first day of work would be the first day of next month. ;9;5
2019-03-28 10:01:00; Job Offer;Dear Ms. Parker, Thank you so much for your nice words and the offer. I would like to accept it - please find the signed PDF attached. Happy to be on board! ;9;5
2019-06-22 11:23:00;Application Plant Medic;Dear sir or madam, I hereby would like to apply for the position of plant medic in the south east plant. I have been working as a plant medic during the last 10 years for two different companies and I would be exiting to work with you. ;0;1
2019-06-22 11:24:00;Your Application at Ziegler-Cat;Dear Mr. Davies, thank you a lot for your appliation which has been well received! Currently, many emails are reaching us - therefore please allow us up to 10 business days to reply to your application. Thank you for your understanding. ;5;2
2019-06-25 10:19:00;Plant Medic Application;Hi David, we received an application for a plant medic at your plant - please find his details below. He seems to be well qualified. ;3;3
2019-06-25 13:44:00; Plant Medic Application;Hi Jessica, thank you for the mail. I think I heard something that another medic is already in the interview stage. Maybe you could clarify that before we screen his application? Thanks and ;3;3
2019-06-25 15:01:00;South East Plant Plant Medic?;Hi Cindy, do you know something about a plant medic for the south east plant who is in interview stage? David Eisenhower told me that he heard something. Thanks, Jessi;3;3
2019-06-25 16:44:00; South East Plant Plant Medic?;Hi Jessi, David is right - we are currently working on the contract for the new plant medic. As soon as everything is finished (propably today in the afternoon), we will close the job advertisement on the website. ;3;3
2019-06-26 15:44:00;  South East Plant Plant Medic?;Hi Jessi, just wanted to let you know that the hiring process of the plant medic is done. ;3;3
2019-06-27 09:22:00;   South East Plant Plant Medic?;Hi Cindy, thank you for the info! ;3;3
2019-06-27 10:43:00;  Plant Medic Application;Hello David, you were right, a plant medic has been hired today - please forget about the application I forwarded you in the last mail. ;3;3
2019-06-27 08:12:00;Your Application at Ziegler-Cat;Dear Mr. Walker, thank you so much for your patience and your application. Unfortunately the position you applied for has already been staffed and currently no other plant medic positions are open at this time. We wish you all the best for your future career! Jessica Parker Junior Associate Human Resource and Employer Marketing Ziegler Caterpillar 5300 Harbor Dr Sioux City, IA 51111 (712) 252-4401. office@ziegler-cat.com CONFIDENTIALITY NOTICE: The contents of this email message and any attachments are intended solely for the addressee(s) and may contain confidential and/or privileged information and may be legally protected from disclosure.;0;6
2018-08-02 19:35:00;Application as excavator operator;Dear sir or madam, I would like to apply for the position as excavator operator which is posted on your website. Please find my application documents attached to this mail. I am looking forward to hearing from you! ;1;1
2018-08-02 19:36:00;Your Application at Ziegler-Cat;Dear Mr. Garcia, thank you a lot for your appliation which has been well received! Currently, many emails are reaching us - therefore please allow us up to 10 business days to reply to your application. Thank you for your understanding. ;5;2
2018-08-04 08:04:00;Application Excavator Operator;Hello Frank, we received an application as excavation operator. Please find his data attached, the candidate seems suitable for the job. ;3;3
2018-08-04 09:03:00; Application Excavator Operator;Hi Johanna, I am not responsible anymore for the recruiting of excavator operators. Thomas Jackson is now my predecrssor in that position. ;3;3
2018-08-05 09:01:00; Application Excavator Operator;Hello Frank, thanks for the information - I will forward the application accordingly. ;3;3
2018-08-05 14:31:00;Application Excavator Operator;Hello Thomas, we have received an application for an excavation operator. We screened the application and mister Garcia seems to be well qualified. Please find his details attached. What do you think? ;3;3
2018-08-06 08:01:00; Application Excavator Operator;Hi Johanna, that's good news - we've been looking quite some time! Yes, the profile looks great. Let's invite him for a trial period first? ;3;3
2018-08-06 08:07:00; Application Excavator Operator;Hi Thomas, perfect, I'll tell the candidate. When could his trial period start? Johanna;3;3
2018-08-06 09:35:00; Application Excavator Operator;Hi Johanna, we're starting a new site next week, so next Tuesday would be perfect. ;3;3
2018-08-06 09:41:00; Application Excavator Operator;Hi Thomas, alright - I'll forward the information. ;3;3
2018-08-06 09:56:00;Your Application at Ziegler-Cat;Dear Mister Garcia, thank you for your application and your patience! We have completed screening your application and we're happy to invite you for a trial period of one week. The period would start next tuesday. Your responsible manager is Mr. Thomas Jackson (t.jackson@ziegler-cat), he will contact you with all necessary information. If you have any questions, please do not hestitate to contact either me or Mister Jackson. We're looking forward to getting to know you! ;7;5
2018-08-06 13:21:00; Your Application at Ziegler-Cat;Dear Ms. Nielson, thank you for the positive feedback! The proposed timeframe works well for me and I am looking forward to the trial period. ;7;5
2018-10-13 22:11:00;Application as System Engineer;Dear sir or madam, my name is Emanuelle Johnson and I would like to apply for the position as system engineer. My academic and professional experiences qualify me well for the job and I would be happy to work with your company. My resume, motivation letter and further documents are attached to this mail. I would be happy about the possibility to introduce myself in person. ;1;1
2018-10-13 22:12:00; Application as System Engineer;Dear Ms. Johnson, thank you a lot for your appliation which has been well received! Currently, many emails are reaching us - therefore please allow us up to 10 business days to reply to your application. Thank you for your understanding. ;5;2
2018-10-15 08:11:00;Applicant System Engineer;Hello Oscar, we have a promising application for the position as System Engineer. I have attached her documents below, what do you think? ;3;3
2018-10-15 08:27:00; Applicant System Engineer;Hi Johanna, yes, her profile looks to be perfectly suited for the position. I would like to get to know her in person! ;3;3
2018-10-15 09:01:00; Applicant System Engineer;Hi Oscar, ok - we will invite her. How about next Thursday at 11:15am? ;3;3
2018-10-15 09:02:00; Applicant System Engineer;Hello Johanna, that works for me. Just let me now when it is fixed. Oscar;3;3
2018-10-15 09:10:00;Your Application at Ziegler-Cat;Dear Ms Johnson, thank you for you application and your patience. After having screened your documents, we would like to get to know you in person. For this reason we want to invite you to our headquarter next Thursday at 11:15am. Please let us know if this date works for you, we are happy to hearing from you. ;7;4
2018-10-15 09:33:00; Your Application at Ziegler-Cat;Dear Ms. Nielsen, thank you for the feedback and invitation. The proposed date is fine for me - I am looking forward to meet you in person. ;7;4
2018-10-15 10:21:00; Your Application at Ziegler-Cat;Dear Ms. Johnson, we are happy to meet you next Thursday at 11:15am. Please be at the lobby shortly before that time, my assistant Ms. Flatcher will pick you up. Attached to this mail you can also find an .ical file for your digital calendar. ;7;4
2018-10-15 10:25:00; Applicant System Engineer;Hi Oscar, the interview on next Thursday at 11:15am is fixed. ;3;3
2018-10-15 10:44:00; Applicant System Engineer;Thanks for the info! ;3;3
2018-10-21 13:11:00;System Engineer - Johnson;Hi Johanna, I was really impressed by Miss Johnsons presentation today. We would be happy to have her in our team! ;3;3
2018-10-21 15:05:00;Job Offer;Dear Ms. Johnson, we were happy to meet you in person and were impressed by your presentation. Therefore we would like to offer you the position you applied for. The points regarding the contract we discussed during the interview can be found in the attached contract. Please read it through, sign it and send it back to me if you want to accept the offer. Should any questions pop up, please don't hestitate to ask me anytime. Thank you and ;9;5
2018-10-21 16:37:00; Job Offer;Dear Ms. Nielsen, thank you for your kind words and the offer. I want to accept the conditions, please find the signed contract attached to this email. ;9;5
2018-10-22 08:44:00; Job Offer;Dear Ms. Johnson, thank you for the document, we are happy to have you on board! As outlined in the contract, your first day of work will be the first day of the next month. Mister Schneider (o.schneider@ziegler-cat.com) will get in contact with you to give you more information about your future position. All the best! ;9;5
2019-01-02 12:33:00;Application as Accountant;Dear sir or madam! I would like to apply for the poition as accountant as posted on your webpage. I have been working for two global companies before and acquired the certification of CFA last year. Therefore, I consider myself to be qualified for the job and would be happy if you consider my application. ;1;1
2019-01-02 12:34:00;Your Application at Ziegler-Cat;Dear Mr. Rodriguez, thank you a lot for your appliation which has been well received! Currently, many emails are reaching us - therefore please allow us up to 10 business days to reply to your application. Thank you for your understanding. ;5;2
2019-01-05 08:10:00;Accountant - Application;Hello Cindy, we have an applicant for the accountant position. Please have a look at the attached application documents. ;3;3
2019-01-05 14:31:00; Accountant - Application;Hi Johanna, does the candidate have a CFA? From his documents I cannot spot that detail. This is a requirement for the position. ;3;3
2019-01-06 15:20:00; Accountant - Application;Hi Cindy, yes - Mister Rodriguez stated that he obtained the CFA last year. ;3;3
2019-01-06 16:03:00; Accountant - Application;Hi Jonanna, that's great, the rest of his application looks fine! ;3;3
2019-01-06 17:04:00; Accountant - Application;Hi Cindy, ok - we will invite him. How about next Tuesday at 09:30am? ;3;3
2019-01-07 09:12:00; Accountant - Application;Hi Johanna, let's make it 10:30am, I have an appointment before. Does that work for you too? ;3;3
2019-01-07 09:33:00; Accountant - Application;Hi Cindy, yes 10:30am is also fine - I'll invite Mister Rodriguez. ;3;3
2019-01-07 10:11:00;Your Application at Ziegler-Cat;Dear Mister Rodriguez, thank you for your application and your patience. We have finished screening your application and would like to get to know you in person! For this reason, we would like to invite you to our headquarters next tuesday at 10:30am.  Please let us know, if this date works for you. ;7;4
2019-01-07 11:12:00;Your Application at Ziegler-Cat;Dear Ms. Nielsen, thank you for the invitation - next tuesday works fine for me. I am looking forward to meeting you in person! ;7;4
2019-01-07 14:33:00;Your Application at Ziegler-Cat;Dear Mr. Rodriguez, we are happy to meet you soon. Please be at the lobby shortly before the appointment - my colleague, Ms. Flatcher will pick you up there. Please find attached an .ical file for your digital calendar. Should you have any questions, please do not hestitate to contact me. ;7;4
2019-01-14 09:22:00;Job Offer;Dear Mister Rodriguez, it was a pleasure to meet you in person! We would like to offer you the position you applied for. The details we discussed in the end of the interview can be found in the attached contract. If you want to accept the offer, please sign it and send it back to me. Should you have any questions, plesae let me know. ;9;5
2019-01-14 13:01:00;Job Offer;Dear Ms. Nielsen, thank you for the offer which I would like to accept. Please find the signed contract below. ;9;5
2019-01-14 15:54:00;Job Offer;Dear Mr. Rodriguez, we're happy to have you on board! As outlined in the contract, your first day of work will be the first day of the next month. Ms. Mueller (c.mueller@ziegler-cat.com), the head of the finance department will contact you with further information. Should any questions appear, please feel free to contact either her or me. ;9;5
2019-02-13 11:45:00;Application as Test Engineer;Dar sir or madam, I would like to apply for the position of test engineer you have posted on your website. Please find attached all my documents. I would be happy to hear from you! ;1;1
2019-02-13 11:46:00;Your Application at Ziegler-Cat;Dear Ms. Miller, thank you a lot for your appliation which has been well received! Currently, many emails are reaching us - therefore please allow us up to 10 business days to reply to your application. Thank you for your understanding. ;5;2
2019-02-14 09:11:00;Test Engineer Job;Dear Joachim, we received an application for the position as test engineer. Please have a look at the attached files. What do you think? ;3;3
2019-02-14 15:33:00; Test Engineer Job;Hi Johanna, seeme like some attachments are missing? ;3;3
2019-02-15 08:33:00; Test Engineer Job;Hi Joachim, so sorry - please find all the attachments below. ;3;3
2019-02-18 09:19:00; Test Engineer Job;Hi Johanna, we screened the documents and think the applicant is not sufficiently qualified. For the position we require a professional experience of at least two years but the applicant does not have any notable experience.. ;3;3
2019-02-18 16:41:00; Test Engineer Job;Dar Joachim, alright, I will tell her. Thank you for your screening! ;3;3
2019-02-19 08:56:00;Your Application at Ziegler-Cat;Dear Miss Miller, thank you for your application and your patience. Unfortunately, your profile does not fit to the position you applied for. For this reason, we cannot consider your application. Neverheless we wish you all the best for you future career. ;2;6
2019-04-02 08:11:00;Application as Summer Intern;Dear sir or madam, I would like to apply for the summer internship as software engineer. I am currently studying electrical engineering and I would be happy to gather valuable professional experience at your company. Please find attached all my documents. ;1;1
2019-04-02 08:12:00;Your Application at Ziegler-Cat;Dear Ms. Miller, thank you a lot for your appliation which has been well received! Currently, many emails are reaching us - therefore please allow us up to 10 business days to reply to your application. Thank you for your understanding. ;5;2
2019-04-04 11:12:00;Summer Intern Application;Dear Francis, we received an application for the summer intern position as software engineer. Please find attached his documents. What do you think? ;3;3
2019-04-07 08:01:00; Summer Intern Application;Dear Johanna, his profile looks good from our side! ;3;3
2019-04-07 08:33:00;  Summer Intern Application;Hello Francis, alright, we will invite him. Do you also want to join the interview? ;3;3
2019-04-07 13:12:00;   Summer Intern Application;Hi Johanna, no thank you, I am quite busy currently. ;3;3
2019-04-08 08:19:00;Your Application at Ziegler-Cat;Dear Mister Moore, thank you for your application and your patience! We would like to get to know you in person. Therefore we want to invite you to our headquarter on next Friday 08:30am for an interview. Please let us know, if this date works for you. ;7;4
2019-04-08 10:31:00; Your Application at Ziegler-Cat;Dear Ms. Nielsen, thank you a lot for the chance to introduce myself. The proposed date and time work fine for me. ;7;4
2019-04-08 13:43:00;  Your Application at Ziegler-Cat;Dear Mister Moore, we're happy to meet you soon. Please be at the lobby shortly before the appointment, by assistant, Ms. Flatcher will pick you up there. Also, please find attached an .ical file for your digital calendar. Should you have any questions, please feel free to ask anytime. ;7;4
2019-04-16 11:00:00;Offer for Internship in Summer;Dear Mister Moore, we were happy to meet you in person. We were impressed by your presentation and would like to offer you the summer intern position. Your assignment will start in July - mister Huber, who is responsible for the summer interns will contact you at the beginning of June with all further details and information. We're happy to have you on board! ;9;5
2019-07-04 22:29:00;Application as Facility Manager;Dear sir or madam, I would like to apply for the position as facility manager posted on your website. Please find all necessary documents attached to this mail. I would be happy to introduce myself in person. ;1;1
2019-07-04 22:30:00;Your Application at Ziegler-Cat;Dear Mr. Lee, thank you a lot for your appliation which has been well received! Currently, many emails are reaching us - therefore please allow us up to 10 business days to reply to your application. Thank you for your understanding. ;5;2
2019-07-09 08:19:00;Application Facility Manager;Hi Thomas, we have an application for the open position of facility manager in the headquarter. Could you have a look at the documents attached? ;3;3
2019-07-11 13:31:00; Application Facility Manager;Hi Johanna, thank you for the documents, Mister Lee seems to be well qualified. Let's schedule a meeting next week on Wednesday, 08:30am? Does that work for you? ;3;3
2019-07-11 14:34:00;  Application Facility Manager;Hi Thomas, sure that time works - I'll contact mister Lee. ;3;3
2019-07-11 15:01:00;Your Application at Ziegler-Cat;Dear Mister Lee, thank you for your application and your patience. We would like to get to know you in person and therefore we want to invite you to our headquarter on next Wednesday at 08:30am. Please let us know, if that date works for you. ;7;4
2019-07-11 15:23:00; Your Application at Ziegler-Cat;Dear Ms. Nielsen, thank you for your consideration! Yes, the proposed date and time work for me. ;7;4
2019-07-11 15:44:00;  Your Application at Ziegler-Cat;Dear Mister Lee, we are happy to meet you soon. Please be at the lobby shortly before the appointment. My assistant, Ms. Flatcher will pick you up there. Also, please find attached an .ical file for your digital calendar. ;7;4
2019-07-16 15:01:00;Mister Lee;Hello Johanna, I had a good impression of mister Lee, we would be happy to work with him! ;3;3
2019-07-16 15:14:00; Mister Lee;Hi Francis, our impression was great as well, we will offer the job to him. ;3;3
2019-07-16 15:33:00;Job Offer;Dear Mister Lee, we were happy to meet you in person and were impressed by your presentation. Therefore, we would like to offer the job to you. As discussed in the end of the interview, please find your contract attached to this mail. If you accept it, please sign it and sent it back to me. Should any questions appear, please don't hestitate to contact me. ;9;5
2019-07-16 16:07:00; Job Offer;Dear Ms Nielsen, thank you a lot for the offer which I would like to accept. Please find the signed contract attached to this mail. ;9;5
2019-07-16 17:05:00;  Job Offer;Dear Mister Lee, we are happy to have you on board! Thank you for the signed contract. Your first day of work will be the first of next month. Should you have any questions, please feel free to contact me or your future team leader, Mr. Francis Huber (f.huber@ziegler-cat.com) at any time. ;9;5
2019-07-25 06:12:00;Application as Social Media Expert;Dear sir or madam, I would hereby like to apply for the position of social media expert as posted on your website. I have been working in the industry for the last five years and I would be happy to work with your company! Please find all my documents attached below. ;1;1
2019-07-25 06:13:00;Your Application at Ziegler-Cat;Dear Ms Young, thank you a lot for your appliation which has been well received! Currently, many emails are reaching us - therefore please allow us up to 10 business days to reply to your application. Thank you for your understanding. ;5;2
2019-07-27 07:44:00;Social Media Candidate;Hi Francesca, we received an application for our open position of social media expert. I have attached her application documents. What do you think? ;3;3
2019-07-27 09:44:00; Social Media Candidate;Hi Johanna, her profile definitely looks interesting! I think we should invite her! ;3;3
2019-07-27 11:33:00;  Social Media Candidate;Hi Franceca, alright - how about next Wednesday 14:30? Johanna;3;3
2019-07-27 14:55:00;   Social Media Candidate;Hi, yes that works for me. ;3;3
2019-07-27 14:58:00;    Social Media Candidate;Alright, I'll tell Miss Young. ;3;3
2019-07-27 16:51:00;Your Application at Ziegler-Cat;Dear Ms Young, thank you for your application and your patience! We have finished screening your application and would like to get to know you in person. Therefore, we want to invite you to our headquarter next Wednesday at 14:30. Please let us know if that date and time work for you. ;7;4
2019-07-27 18:33:00; Your Application at Ziegler-Cat;Dear Ms Nielsen, thank you so much for the invitation! The proposed date and time work for me, I am looking forward to meeting you! ;7;4
2019-07-28 09:11:00;  Your Application at Ziegler-Cat;Dear Ms Young, we're happy to meet you soon. Please be at the lobby shortly before your appointment. My assistant, Ms. Flatcher will pick you up there. Also, please find attached an .ical file for your digital calendar. Should you have any question, don't hestitate to contact me. ;7;4
2019-09-03 08:31:00;Social Media - Miss Young;Hi Johanna, I just wanted to tell you that Miss Young did not really convince me. I feel that there might be more suitable candidates.. What do you thin? ;3;3
2019-09-06 08:55:00;Social Media - Miss Young;Hi Francesca, I felt the same way. I think we will not consider her. ;3;3
2019-09-07 16:31:00;Your Application at Ziegler-Cat;Dear Ms Young, we were happy to meet you in person today. Unfortunately, your profile does not fit to the position you applied for. Therefore we cannot consider your application. Nevertheless, we wish you all the best for your future career. ;2;6
2019-09-18 17:11:00;Application as Data Scientist;Dear sir or madam, I hereby would like to apply for the position of data scientist as outlined on your website. I think that my previous academic and professional stations qualify me well for the job and I would be more than happy to introduce myself. ;1;1
2019-09-18 17:12:00;Your Application at Ziegler-Cat;Dear Ms Wright, thank you a lot for your appliation which has been well received! Currently, many emails are reaching us - therefore please allow us up to 10 business days to reply to your application. Thank you for your understanding. ;5;2
2019-09-21 08:01:00;Data scientist;Dear Oscar, we have a promising candidate for the open data scientist position. Please take a look at her attached documents. What do you think? ;3;3
2019-09-21 13:30:00; Data scientist;Hi Johanna, yeah, looks really good. I would like to meet her in person. How about next Tuesday at 10:00am? ;3;3
2019-09-21 14:33:00;  Data scientist;Hi Oscar, that works for me - I'll tell her. ;3;3
2019-09-21 17:01:00;Your Application at Ziegler-Cat;Dear Ms Wright, thank you for your application and your patience. After having screened your documents, we would like to get to know you in person. For this reason, we want to invite you to our headquarter on next Tueday at 10:00am. Please let us know if this date and time work for you. ;7;4
2019-09-21 19:34:00; Your Application at Ziegler-Cat;Dear Ms Nielsen, thank you so much for the invitation! Yes, the proposed date works fine for me - I'll be there. I am looking forward to meeting you! ;7;4
2019-09-22 08:02:00;  Your Application at Ziegler-Cat;Dear Ms Wright, we are happy to see you soon. Please be at the lobby shortly before your appointment. My assistant, Ms. Flatcher will pick you up. Also, please find attached an .ical file for your digital calendar. Should any questions pop up, please do not hestitate to contact me. ;7;4
2019-09-27 13:56:00;Ms Wright;Hi Johanna, I just wanted to tell you that my impression of Miss Wright was great. I think she would be a valuable addition to our team! ;3;3
2019-09-27 15:47:00; Ms Wright;Hi Oscar, we also had a great impression of her, we will offer the job to her! ;3;3
2019-09-27 16:03:00;Job Offer;Dear Ms. Wright, we were happy to meet you in person and were thoroughly impressed by your presentation. Therefore, we would like to offer you the job you applied for. Please find the contract for the position attached to this mail. If you accept the offer, please sign it and return it to me. We would be happy to have you on board! ;9;5
2019-09-27 16:33:00; Job Offer;Dear Ms. Nielsen, thank you a lot for your nice words and the offer. I would like to accept it, please find the signed contract below. I am happy to start working at Ziegler-Cat! ;9;5
2019-09-27 16:59:00;  Job Offer;Dear Ms. Wright, thank you for the signed contract. We are excited to work with you! As outlined in the contract, your first day of work will be the first of next month. Your team leader, Mister Schneider (o.schneider@ziegler-cat.com) will contact you before the start of your assignment. If you have any questions, please contact him or also feel free to reach out to me. ;9;5
2019-11-08 11:47:00;Application as Junior Software Test Engineer;Dear sir or madam, I hereby want to apply as Junior Software test engineer. Please find attached all my application documents. ;1;1
2019-11-08 11:48:00;Your Application at Ziegler-Cat;Dear Ms Wright, thank you a lot for your appliation which has been well received! Currently, many emails are reaching us - therefore please allow us up to 10 business days to reply to your application. Thank you for your understanding. ;5;2
2019-11-12 08:31:00;Appliation Junior Test Engineer;Dear Joseph, we received an application for the position of junior software test engineer. I send you his documents in the attachment. What do you think? ;3;3
2019-11-12 14:31:00; Appliation Junior Test Engineer;Hi Johanna, looks good - however I cannot see his major from university, do you know more? ;3;3
2019-11-13 09:34:00; Appliation Junior Test Engineer;Hi Joseph, I'll ask him and get back to you. ;3;3
2019-11-13 15:31:00;Missing Information on your Application;Dear Mr. Scott, thank you for your application. During screening we noticed that some details about your academic education are missing. In which major did you graduate? Please provide the information as soon as possible so that we can proceed to screen your application. ;3;4
2019-11-13 17:44:00; Missing Information on your Application;Dear Ms Nielsen, I might have missed that in my resume, sorry for that! I have graduated in Computer Science two months ago. Thank you and ;6;4
2019-11-14 10:31:00; Appliation Junior Test Engineer;Hi Joseph, the applicant graduated in Computer Science two months ago. ;3;3
2019-11-14 16:54:00; Appliation Junior Test Engineer;Hi Johanna, alright - his profile looks alright, let's meet him for an interview. How about next Friday 08:30am? ;3;3
2019-11-15 13:18:00; Appliation Junior Test Engineer;Hi Joseph, that works for me, I will notify Mister Scott. Johanna;3;3
2019-11-16 09:11:00;Your Application at Ziegler-Cat;Dear Mister Scott, thank you for your application and your patience. We would like to get to know you better and therefore want to invite you to our headquarter on next Friday at 08:30am.  Please let us know if this date works for you. ;7;4
2019-11-16 09:14:00; Your Application at Ziegler-Cat;Dear Ms. Nielsen, thank you for the invitation for the interview. The date works fine for me. ;7;4
2019-11-16 10:31:00;  Your Application at Ziegler-Cat;Dear Mr. Scott, we're happy to meet you soon. Please be at the lobby shortly before your appointment. My assistant, Ms. Flatcher will pick you up there. Plase also find an .ical file attached to this email for your digital calendar. Should you have any questions, don't hestitate to ask me anytime. ;7;4
2019-11-21 08:11:00;Job offer;Dear Mister Scott, we were happy to meet you in person and were impressed by your presentation. For this reason, we would like to offer you the job you have applied for. Please find attached the contract as discussed in the end of the interview. If you accept our offer, please sign it and send it back to me. In case of open questions, please feel free to reach out. ;9;5
2019-11-22 08:01:00; Job offer;Dear Ms. Nielsen, thank you so much for the offer which I happily accept. The signed contract is attached below. Thank you and ;9;5
2019-11-22 09:06:00;  Job offer;Dear Mr. Scott, we are happy to have you on board. As stated in the contract, your first day of work will be the first day of next month. Mister Joseph Baker (j.baker@ziegler-cat.com) who will be your direct manager will reach out to you soon. If you have any questions, please feel free to ask either him or me. ;6;5
2020-01-07 22:16:00;Application as Mechanical Engineer;Dear sir or madam, I would like to apply for the open posittion as mechanical engineer which has been posted on your webpage. Please find my appliation files below. I am looking forward to hearing from you and would be happy to introduce myself. ;1;1
2020-01-07 22:17:00;Your Application at Ziegler-Cat;Dear Mr Green, thank you a lot for your appliation which has been well received! Currently, many emails are reaching us - therefore please allow us up to 10 business days to reply to your application. Thank you for your understanding. ;5;2
2020-01-10 08:36:00;Application for Mechanical Engineer;Dear George, we received an application for the open mechanical engineer position. Please find his details attached. Do you think we should invite him? ;3;3
2020-01-10 17:05:00; Application for Mechanical Engineer;Hi Johanna, the applicant's profile looks great, sure let's invite him! ;3;3
2020-01-10 18:33:00;  Application for Mechanical Engineer;Alright, how about next Monday 09:30am? ;3;3
2020-01-11 09:44:00;   Application for Mechanical Engineer;That works for me! ;3;3
2020-01-11 15:31:00;Your Application at Ziegler-Cat;Dear Mr. Green, thank you for your application and your patience. We have screened your documents and would be happy to meet you in person. For this reason we want to invite you to our headquarter next Monday at 09:30am. Please let us know if this date works for you. ;7;4
2020-01-11 17:45:00; Your Application at Ziegler-Cat;Dear Ms Nielsen, thank you so much for the invitation, the proposed date is perfect for me. ;7;4
2020-01-12 08:01:00;  Your Application at Ziegler-Cat;Dear Mr. Green, we're happy to meet you soon. Please be at the lobby shortly before your appointment. My assistant, Mrs. Flatcher will pick you up there. Also, please find an .ical file for your digital calendar in the attachment. Should you have any further questions, please feel free to ask me anytime! ;7;4
2020-01-17 09:54:00;Today's interview;Hello Johanna, i was really impressed by the interview - we would be happy to have mister Green in our department! ;3;3
2020-01-17 10:31:00; Today's interview;Hi George, we also liked his presentation and we will offer the job to Mister Green ;3;3
2020-01-18 11:18:00;Job Offer;Dear Mr. Green, we were pleased to meet you and were impressed by your presentation! Therefore, we would like to offer you the position as mechanical engineer. Please find attached the contract for the position as discussed in the interview. If you have any questions, please reach out to me anytime. ;9;5
2020-01-18 15:21:00; Job Offer;Dear Ms Nielsen, thank you so much for the offer which i want to accept. The signed contract is attached to that email. I am happy that I will be working for Ziegler-Cat! ;9;5
2020-01-18 16:05:00;  Job Offer;Dear Mr. Green, we're happy to have you on board! As stated in the contract, your first day of work will be the first of the next month. Your future head of department, mister George Schultze (g.schultze@ziegler-cat.com) will contact you soon. If you have any questions, please feel free to ask him or to reach out to me. ;9;5
2020-03-05 09:45:00;Application as Junior HR specialist;Dear sir or madam, I would like to apply for the open position as Junior HR specialist. I have found the job post online and I think that my experience qualifies me well for the job. Please find attached all necessary information about my application. ;1;1
2020-03-05 09:46:00;Your Application at Ziegler-Cat;Dear Ms Hill, thank you a lot for your appliation which has been well received! Currently, many emails are reaching us - therefore please allow us up to 10 business days to reply to your application. Thank you for your understanding. ;5;2
2020-03-07 08:11:00;Your Application at Ziegler-Cat;Dear Ms. Hill, thank you very much for your application! After having screened your application, we would be happy to meet you in person. Therefore, we want to invite you to our headquarter next Wednesday at 13:00. Please let us know if this date works for you. ;7;4
2020-03-07 08:21:00; Your Application at Ziegler-Cat;Dear Ms. Nielsen, thank you for your reply and the invitation! The date works fine for me, I will be there. with ;7;4
2020-03-07 08:23:00;  Your Application at Ziegler-Cat;Dear Ms. Hill, we're happy to meet you soon. Please be at the lobby shortly before your appointment. My assistant, Ms. Flatcher will pick you up there. Also, please find attached an .ical file for your digital calendar. Should you have any further questions, please don't hestitate to ask. ;7;4
2020-03-12 09:45:00;Job Offer;Dear Ms. Hill, we were happy to meet you in person and liked your presentation as well as your prior experience. Therefore, we would like to offer the job as Junior HR Specialist to you. As discussed in the interview, you find all the details about the job and the contract attached to this mail. If you accept the offer, please sign it and send it back to me. In case of any open questions, please feel free to contact me anytime. ;9;5
2020-03-12 09:59:00; Job Offer;Dear Ms Nielsen, thank you so much for your nice words and the offer. I happily accept the offer - please find the signed contract below. ;9;5
2020-03-12 10:14:00;  Job Offer;Dear Ms. Hill, we're happy to have you on board - welcome to the team! As stated in the contract, your first day of work will be on the first day of next month. I will send you an email with more details during the next week. In case of open questions, just feel free to ask! ;9;5
2020-04-18 22:34:00;Application as Maintenance Engineer;Dear sir or madam, I would hereby like to apply for the position of maintenance engineer as posted on your website. Please find all my documents attached to this mail. ;1;1
2020-04-18 22:35:00;Your Application at Ziegler-Cat;Dear Mr Carter, thank you a lot for your appliation which has been well received! Currently, many emails are reaching us - therefore please allow us up to 10 business days to reply to your application. Thank you for your understanding. ;5;2
2020-04-21 08:34:00;Maintenance Engineer Application;Dear Peter, we received an application for the maintenance engineer position. Please have a look at the documents attached and tell me what you think. ;3;3
2020-04-21 09:45:00; Maintenance Engineer Application;Hi Johanna, the profile looks good and I think he could be a good fit to our team. Let's invite him to an interview? ;3;3
2020-04-21 10:46:00;  Maintenance Engineer Application;Alright, would next Friday 09:30am be ok for you? ;3;3
2020-04-21 10:47:00;   Maintenance Engineer Application;Hi, sure - that works. Best Peter;3;3
2020-04-21 11:31:00;Your Application at Ziegler-Cat;Dear Mr. Carter, thank you for your application and your patience. We have completed screening your application and we would like to meet you in person. For this reason, we want to invite you to our hadquarters next Friday at 09:30am. Please let us know if this date is fine for you. ;7;4
2020-04-21 13:45:00; Your Application at Ziegler-Cat;Dear Ms. Nielsen, thank you for your reply and the invitation - sure, this date works fine for me. See you then! ;7;4
2020-04-21 15:01:00;  Your Application at Ziegler-Cat;Dear Mr. Carter, we're happy to see you soon. Please be at the lobby shortly before your appointment. My assistand, Ms. Flatcher will pick you up there. Also, please find attached an .ical file for your digital calendar. Should you have any questions, please feel free to ask me. ;7;4
2020-04-28 12:01:00;Application Carter;Dear Johanna, i do have to say that Mister Carter did not really fulfill our expectations. I think we should look out for a more suitable candidate. ;3;3
2020-04-28 13:05:00; Application Carter;Hello Peter, that was also my impression - we will not consider mister Carter's application. ;3;3
2020-04-28 17:05:00;Your Application at Ziegler-Cat;Dear Mr. Carter, we were happy to meet you in person. Unfortunately, your profile does not suit the position you have applied for. Therefore we cannot consider your application. Nevertheless we wish you all the best for your future career! ;2;6
